col,row,PRDM1,TMCC1,GBP6,ARG1,Well,WellName,Sample,MasterMix
0,0,5.0,4.0,3.5,4.0,1,A1,JG069J_001,TaqMan Fast Advanced
1,0,5.0,4.0,3.0,4.0,2,A2,JG069J_002,TaqMan Fast Advanced
2,0,5.0,4.0,2.5,4.0,3,A3,JG069J_003,TaqMan Fast Advanced
3,0,5.0,4.0,2.0,4.0,4,A4,JG069J_004,TaqMan Fast Advanced
4,0,5.0,4.0,1.5,4.0,5,A5,JG069J_005,TaqMan Fast Advanced
5,0,5.0,3.5,3.5,4.0,6,A6,JG069J_006,TaqMan Fast Advanced
6,0,5.0,3.5,3.0,4.0,7,A7,JG069J_007,TaqMan Fast Advanced
7,0,5.0,3.5,2.5,4.0,8,A8,JG069J_008,TaqMan Fast Advanced
8,0,5.0,3.5,2.0,4.0,9,A9,JG069J_009,TaqMan Fast Advanced
9,0,5.0,3.5,1.5,4.0,10,A10,JG069J_010,TaqMan Fast Advanced
10,0,5.0,3.0,3.5,4.0,11,A11,JG069J_011,TaqMan Fast Advanced
11,0,5.0,3.0,3.0,4.0,12,A12,JG069J_012,TaqMan Fast Advanced
12,0,5.0,3.0,2.5,4.0,13,A13,JG069J_013,TaqMan Fast Advanced
13,0,5.0,3.0,2.0,4.0,14,A14,JG069J_014,TaqMan Fast Advanced
14,0,5.0,3.0,1.5,4.0,15,A15,JG069J_015,TaqMan Fast Advanced
15,0,5.0,2.5,3.5,4.0,16,A16,JG069J_016,TaqMan Fast Advanced
16,0,5.0,2.5,3.0,4.0,17,A17,JG069J_017,TaqMan Fast Advanced
17,0,5.0,2.5,2.5,4.0,18,A18,JG069J_018,TaqMan Fast Advanced
18,0,5.0,2.5,2.0,4.0,19,A19,JG069J_019,TaqMan Fast Advanced
19,0,5.0,2.5,1.5,4.0,20,A20,JG069J_020,TaqMan Fast Advanced
20,0,5.0,2.0,3.5,4.0,21,A21,JG069J_021,TaqMan Fast Advanced
21,0,5.0,2.0,3.0,4.0,22,A22,JG069J_022,TaqMan Fast Advanced
22,0,5.0,2.0,2.5,4.0,23,A23,JG069J_023,TaqMan Fast Advanced
23,0,5.0,2.0,2.0,4.0,24,A24,JG069J_024,TaqMan Fast Advanced
0,1,5.0,4.0,3.5,3.5,25,B1,JG069J_025,TaqMan Fast Advanced
1,1,5.0,4.0,3.0,3.5,26,B2,JG069J_026,TaqMan Fast Advanced
2,1,5.0,4.0,2.5,3.5,27,B3,JG069J_027,TaqMan Fast Advanced
3,1,5.0,4.0,2.0,3.5,28,B4,JG069J_028,TaqMan Fast Advanced
4,1,5.0,4.0,1.5,3.5,29,B5,JG069J_029,TaqMan Fast Advanced
5,1,5.0,3.5,3.5,3.5,30,B6,JG069J_030,TaqMan Fast Advanced
6,1,5.0,3.5,3.0,3.5,31,B7,JG069J_031,TaqMan Fast Advanced
7,1,5.0,3.5,2.5,3.5,32,B8,JG069J_032,TaqMan Fast Advanced
8,1,5.0,3.5,2.0,3.5,33,B9,JG069J_033,TaqMan Fast Advanced
9,1,5.0,3.5,1.5,3.5,34,B10,JG069J_034,TaqMan Fast Advanced
10,1,5.0,3.0,3.5,3.5,35,B11,JG069J_035,TaqMan Fast Advanced
11,1,5.0,3.0,3.0,3.5,36,B12,JG069J_036,TaqMan Fast Advanced
12,1,5.0,3.0,2.5,3.5,37,B13,JG069J_037,TaqMan Fast Advanced
13,1,5.0,3.0,2.0,3.5,38,B14,JG069J_038,TaqMan Fast Advanced
14,1,5.0,3.0,1.5,3.5,39,B15,JG069J_039,TaqMan Fast Advanced
15,1,5.0,2.5,3.5,3.5,40,B16,JG069J_040,TaqMan Fast Advanced
16,1,5.0,2.5,3.0,3.5,41,B17,JG069J_041,TaqMan Fast Advanced
17,1,5.0,2.5,2.5,3.5,42,B18,JG069J_042,TaqMan Fast Advanced
18,1,5.0,2.5,2.0,3.5,43,B19,JG069J_043,TaqMan Fast Advanced
19,1,5.0,2.5,1.5,3.5,44,B20,JG069J_044,TaqMan Fast Advanced
20,1,5.0,2.0,3.5,3.5,45,B21,JG069J_045,TaqMan Fast Advanced
21,1,5.0,2.0,3.0,3.5,46,B22,JG069J_046,TaqMan Fast Advanced
22,1,5.0,2.0,2.5,3.5,47,B23,JG069J_047,TaqMan Fast Advanced
23,1,5.0,2.0,2.0,3.5,48,B24,JG069J_048,TaqMan Fast Advanced
0,2,5.0,4.0,3.5,3.0,49,C1,JG069J_049,TaqMan Fast Advanced
1,2,5.0,4.0,3.0,3.0,50,C2,JG069J_050,TaqMan Fast Advanced
2,2,5.0,4.0,2.5,3.0,51,C3,JG069J_051,TaqMan Fast Advanced
3,2,5.0,4.0,2.0,3.0,52,C4,JG069J_052,TaqMan Fast Advanced
4,2,5.0,4.0,1.5,3.0,53,C5,JG069J_053,TaqMan Fast Advanced
5,2,5.0,3.5,3.5,3.0,54,C6,JG069J_054,TaqMan Fast Advanced
6,2,5.0,3.5,3.0,3.0,55,C7,JG069J_055,TaqMan Fast Advanced
7,2,5.0,3.5,2.5,3.0,56,C8,JG069J_056,TaqMan Fast Advanced
8,2,5.0,3.5,2.0,3.0,57,C9,JG069J_057,TaqMan Fast Advanced
9,2,5.0,3.5,1.5,3.0,58,C10,JG069J_058,TaqMan Fast Advanced
10,2,5.0,3.0,3.5,3.0,59,C11,JG069J_059,TaqMan Fast Advanced
11,2,5.0,3.0,3.0,3.0,60,C12,JG069J_060,TaqMan Fast Advanced
12,2,5.0,3.0,2.5,3.0,61,C13,JG069J_061,TaqMan Fast Advanced
13,2,5.0,3.0,2.0,3.0,62,C14,JG069J_062,TaqMan Fast Advanced
14,2,5.0,3.0,1.5,3.0,63,C15,JG069J_063,TaqMan Fast Advanced
15,2,5.0,2.5,3.5,3.0,64,C16,JG069J_064,TaqMan Fast Advanced
16,2,5.0,2.5,3.0,3.0,65,C17,JG069J_065,TaqMan Fast Advanced
17,2,5.0,2.5,2.5,3.0,66,C18,JG069J_066,TaqMan Fast Advanced
18,2,5.0,2.5,2.0,3.0,67,C19,JG069J_067,TaqMan Fast Advanced
19,2,5.0,2.5,1.5,3.0,68,C20,JG069J_068,TaqMan Fast Advanced
20,2,5.0,2.0,3.5,3.0,69,C21,JG069J_069,TaqMan Fast Advanced
21,2,5.0,2.0,3.0,3.0,70,C22,JG069J_070,TaqMan Fast Advanced
22,2,5.0,2.0,2.5,3.0,71,C23,JG069J_071,TaqMan Fast Advanced
23,2,5.0,2.0,2.0,3.0,72,C24,JG069J_072,TaqMan Fast Advanced
0,3,5.0,4.0,3.5,2.5,73,D1,JG069J_073,TaqMan Fast Advanced
1,3,5.0,4.0,3.0,2.5,74,D2,JG069J_074,TaqMan Fast Advanced
2,3,5.0,4.0,2.5,2.5,75,D3,JG069J_075,TaqMan Fast Advanced
3,3,5.0,4.0,2.0,2.5,76,D4,JG069J_076,TaqMan Fast Advanced
4,3,5.0,4.0,1.5,2.5,77,D5,JG069J_077,TaqMan Fast Advanced
5,3,5.0,3.5,3.5,2.5,78,D6,JG069J_078,TaqMan Fast Advanced
6,3,5.0,3.5,3.0,2.5,79,D7,JG069J_079,TaqMan Fast Advanced
7,3,5.0,3.5,2.5,2.5,80,D8,JG069J_080,TaqMan Fast Advanced
8,3,5.0,3.5,2.0,2.5,81,D9,JG069J_081,TaqMan Fast Advanced
9,3,5.0,3.5,1.5,2.5,82,D10,JG069J_082,TaqMan Fast Advanced
10,3,5.0,3.0,3.5,2.5,83,D11,JG069J_083,TaqMan Fast Advanced
11,3,5.0,3.0,3.0,2.5,84,D12,JG069J_084,TaqMan Fast Advanced
12,3,5.0,3.0,2.5,2.5,85,D13,JG069J_085,TaqMan Fast Advanced
13,3,5.0,3.0,2.0,2.5,86,D14,JG069J_086,TaqMan Fast Advanced
14,3,5.0,3.0,1.5,2.5,87,D15,JG069J_087,TaqMan Fast Advanced
15,3,5.0,2.5,3.5,2.5,88,D16,JG069J_088,TaqMan Fast Advanced
16,3,5.0,2.5,3.0,2.5,89,D17,JG069J_089,TaqMan Fast Advanced
17,3,5.0,2.5,2.5,2.5,90,D18,JG069J_090,TaqMan Fast Advanced
18,3,5.0,2.5,2.0,2.5,91,D19,JG069J_091,TaqMan Fast Advanced
19,3,5.0,2.5,1.5,2.5,92,D20,JG069J_092,TaqMan Fast Advanced
20,3,5.0,2.0,3.5,2.5,93,D21,JG069J_093,TaqMan Fast Advanced
21,3,5.0,2.0,3.0,2.5,94,D22,JG069J_094,TaqMan Fast Advanced
22,3,5.0,2.0,2.5,2.5,95,D23,JG069J_095,TaqMan Fast Advanced
23,3,5.0,2.0,2.0,2.5,96,D24,JG069J_096,TaqMan Fast Advanced
0,4,5.0,4.0,3.5,2.0,97,E1,JG069J_097,TaqMan Fast Advanced
1,4,5.0,4.0,3.0,2.0,98,E2,JG069J_098,TaqMan Fast Advanced
2,4,5.0,4.0,2.5,2.0,99,E3,JG069J_099,TaqMan Fast Advanced
3,4,5.0,4.0,2.0,2.0,100,E4,JG069J_100,TaqMan Fast Advanced
4,4,5.0,4.0,1.5,2.0,101,E5,JG069J_101,TaqMan Fast Advanced
5,4,5.0,3.5,3.5,2.0,102,E6,JG069J_102,TaqMan Fast Advanced
6,4,5.0,3.5,3.0,2.0,103,E7,JG069J_103,TaqMan Fast Advanced
7,4,5.0,3.5,2.5,2.0,104,E8,JG069J_104,TaqMan Fast Advanced
8,4,5.0,3.5,2.0,2.0,105,E9,JG069J_105,TaqMan Fast Advanced
9,4,5.0,3.5,1.5,2.0,106,E10,JG069J_106,TaqMan Fast Advanced
10,4,5.0,3.0,3.5,2.0,107,E11,JG069J_107,TaqMan Fast Advanced
11,4,5.0,3.0,3.0,2.0,108,E12,JG069J_108,TaqMan Fast Advanced
12,4,5.0,3.0,2.5,2.0,109,E13,JG069J_109,TaqMan Fast Advanced
13,4,5.0,3.0,2.0,2.0,110,E14,JG069J_110,TaqMan Fast Advanced
14,4,5.0,3.0,1.5,2.0,111,E15,JG069J_111,TaqMan Fast Advanced
15,4,5.0,2.5,3.5,2.0,112,E16,JG069J_112,TaqMan Fast Advanced
16,4,5.0,2.5,3.0,2.0,113,E17,JG069J_113,TaqMan Fast Advanced
17,4,5.0,2.5,2.5,2.0,114,E18,JG069J_114,TaqMan Fast Advanced
18,4,5.0,2.5,2.0,2.0,115,E19,JG069J_115,TaqMan Fast Advanced
19,4,5.0,2.5,1.5,2.0,116,E20,JG069J_116,TaqMan Fast Advanced
20,4,5.0,2.0,3.5,2.0,117,E21,JG069J_117,TaqMan Fast Advanced
21,4,5.0,2.0,3.0,2.0,118,E22,JG069J_118,TaqMan Fast Advanced
22,4,5.0,2.0,2.5,2.0,119,E23,JG069J_119,TaqMan Fast Advanced
23,4,5.0,2.0,2.0,2.0,120,E24,JG069J_120,TaqMan Fast Advanced
0,5,4.0,4.0,3.5,4.0,121,F1,JG069J_121,TaqMan Fast Advanced
1,5,4.0,4.0,3.0,4.0,122,F2,JG069J_122,TaqMan Fast Advanced
2,5,4.0,4.0,2.5,4.0,123,F3,JG069J_123,TaqMan Fast Advanced
3,5,4.0,4.0,2.0,4.0,124,F4,JG069J_124,TaqMan Fast Advanced
4,5,4.0,4.0,1.5,4.0,125,F5,JG069J_125,TaqMan Fast Advanced
5,5,4.0,3.5,3.5,4.0,126,F6,JG069J_126,TaqMan Fast Advanced
6,5,4.0,3.5,3.0,4.0,127,F7,JG069J_127,TaqMan Fast Advanced
7,5,4.0,3.5,2.5,4.0,128,F8,JG069J_128,TaqMan Fast Advanced
8,5,4.0,3.5,2.0,4.0,129,F9,JG069J_129,TaqMan Fast Advanced
9,5,4.0,3.5,1.5,4.0,130,F10,JG069J_130,TaqMan Fast Advanced
10,5,4.0,3.0,3.5,4.0,131,F11,JG069J_131,TaqMan Fast Advanced
11,5,4.0,3.0,3.0,4.0,132,F12,JG069J_132,TaqMan Fast Advanced
12,5,4.0,3.0,2.5,4.0,133,F13,JG069J_133,TaqMan Fast Advanced
13,5,4.0,3.0,2.0,4.0,134,F14,JG069J_134,TaqMan Fast Advanced
14,5,4.0,3.0,1.5,4.0,135,F15,JG069J_135,TaqMan Fast Advanced
15,5,4.0,2.5,3.5,4.0,136,F16,JG069J_136,TaqMan Fast Advanced
16,5,4.0,2.5,3.0,4.0,137,F17,JG069J_137,TaqMan Fast Advanced
17,5,4.0,2.5,2.5,4.0,138,F18,JG069J_138,TaqMan Fast Advanced
18,5,4.0,2.5,2.0,4.0,139,F19,JG069J_139,TaqMan Fast Advanced
19,5,4.0,2.5,1.5,4.0,140,F20,JG069J_140,TaqMan Fast Advanced
20,5,4.0,2.0,3.5,4.0,141,F21,JG069J_141,TaqMan Fast Advanced
21,5,4.0,2.0,3.0,4.0,142,F22,JG069J_142,TaqMan Fast Advanced
22,5,4.0,2.0,2.5,4.0,143,F23,JG069J_143,TaqMan Fast Advanced
23,5,4.0,2.0,2.0,4.0,144,F24,JG069J_144,TaqMan Fast Advanced
0,6,4.0,4.0,3.5,3.5,145,G1,JG069J_145,TaqMan Fast Advanced
1,6,4.0,4.0,3.0,3.5,146,G2,JG069J_146,TaqMan Fast Advanced
2,6,4.0,4.0,2.5,3.5,147,G3,JG069J_147,TaqMan Fast Advanced
3,6,4.0,4.0,2.0,3.5,148,G4,JG069J_148,TaqMan Fast Advanced
4,6,4.0,4.0,1.5,3.5,149,G5,JG069J_149,TaqMan Fast Advanced
5,6,4.0,3.5,3.5,3.5,150,G6,JG069J_150,TaqMan Fast Advanced
6,6,4.0,3.5,3.0,3.5,151,G7,JG069J_151,TaqMan Fast Advanced
7,6,4.0,3.5,2.5,3.5,152,G8,JG069J_152,TaqMan Fast Advanced
8,6,4.0,3.5,2.0,3.5,153,G9,JG069J_153,TaqMan Fast Advanced
9,6,4.0,3.5,1.5,3.5,154,G10,JG069J_154,TaqMan Fast Advanced
10,6,4.0,3.0,3.5,3.5,155,G11,JG069J_155,TaqMan Fast Advanced
11,6,4.0,3.0,3.0,3.5,156,G12,JG069J_156,TaqMan Fast Advanced
12,6,4.0,3.0,2.5,3.5,157,G13,JG069J_157,TaqMan Fast Advanced
13,6,4.0,3.0,2.0,3.5,158,G14,JG069J_158,TaqMan Fast Advanced
14,6,4.0,3.0,1.5,3.5,159,G15,JG069J_159,TaqMan Fast Advanced
15,6,4.0,2.5,3.5,3.5,160,G16,JG069J_160,TaqMan Fast Advanced
16,6,4.0,2.5,3.0,3.5,161,G17,JG069J_161,TaqMan Fast Advanced
17,6,4.0,2.5,2.5,3.5,162,G18,JG069J_162,TaqMan Fast Advanced
18,6,4.0,2.5,2.0,3.5,163,G19,JG069J_163,TaqMan Fast Advanced
19,6,4.0,2.5,1.5,3.5,164,G20,JG069J_164,TaqMan Fast Advanced
20,6,4.0,2.0,3.5,3.5,165,G21,JG069J_165,TaqMan Fast Advanced
21,6,4.0,2.0,3.0,3.5,166,G22,JG069J_166,TaqMan Fast Advanced
22,6,4.0,2.0,2.5,3.5,167,G23,JG069J_167,TaqMan Fast Advanced
23,6,4.0,2.0,2.0,3.5,168,G24,JG069J_168,TaqMan Fast Advanced
0,7,4.0,4.0,3.5,3.0,169,H1,JG069J_169,TaqMan Fast Advanced
1,7,4.0,4.0,3.0,3.0,170,H2,JG069J_170,TaqMan Fast Advanced
2,7,4.0,4.0,2.5,3.0,171,H3,JG069J_171,TaqMan Fast Advanced
3,7,4.0,4.0,2.0,3.0,172,H4,JG069J_172,TaqMan Fast Advanced
4,7,4.0,4.0,1.5,3.0,173,H5,JG069J_173,TaqMan Fast Advanced
5,7,4.0,3.5,3.5,3.0,174,H6,JG069J_174,TaqMan Fast Advanced
6,7,4.0,3.5,3.0,3.0,175,H7,JG069J_175,TaqMan Fast Advanced
7,7,4.0,3.5,2.5,3.0,176,H8,JG069J_176,TaqMan Fast Advanced
8,7,4.0,3.5,2.0,3.0,177,H9,JG069J_177,TaqMan Fast Advanced
9,7,4.0,3.5,1.5,3.0,178,H10,JG069J_178,TaqMan Fast Advanced
10,7,4.0,3.0,3.5,3.0,179,H11,JG069J_179,TaqMan Fast Advanced
11,7,4.0,3.0,3.0,3.0,180,H12,JG069J_180,TaqMan Fast Advanced
12,7,4.0,3.0,2.5,3.0,181,H13,JG069J_181,TaqMan Fast Advanced
13,7,4.0,3.0,2.0,3.0,182,H14,JG069J_182,TaqMan Fast Advanced
14,7,4.0,3.0,1.5,3.0,183,H15,JG069J_183,TaqMan Fast Advanced
15,7,4.0,2.5,3.5,3.0,184,H16,JG069J_184,TaqMan Fast Advanced
16,7,4.0,2.5,3.0,3.0,185,H17,JG069J_185,TaqMan Fast Advanced
17,7,4.0,2.5,2.5,3.0,186,H18,JG069J_186,TaqMan Fast Advanced
18,7,4.0,2.5,2.0,3.0,187,H19,JG069J_187,TaqMan Fast Advanced
19,7,4.0,2.5,1.5,3.0,188,H20,JG069J_188,TaqMan Fast Advanced
20,7,4.0,2.0,3.5,3.0,189,H21,JG069J_189,TaqMan Fast Advanced
21,7,4.0,2.0,3.0,3.0,190,H22,JG069J_190,TaqMan Fast Advanced
22,7,4.0,2.0,2.5,3.0,191,H23,JG069J_191,TaqMan Fast Advanced
23,7,4.0,2.0,2.0,3.0,192,H24,JG069J_192,TaqMan Fast Advanced
0,8,4.0,4.0,3.5,2.5,193,I1,JG069J_193,TaqMan Fast Advanced
1,8,4.0,4.0,3.0,2.5,194,I2,JG069J_194,TaqMan Fast Advanced
2,8,4.0,4.0,2.5,2.5,195,I3,JG069J_195,TaqMan Fast Advanced
3,8,4.0,4.0,2.0,2.5,196,I4,JG069J_196,TaqMan Fast Advanced
4,8,4.0,4.0,1.5,2.5,197,I5,JG069J_197,TaqMan Fast Advanced
5,8,4.0,3.5,3.5,2.5,198,I6,JG069J_198,TaqMan Fast Advanced
6,8,4.0,3.5,3.0,2.5,199,I7,JG069J_199,TaqMan Fast Advanced
7,8,4.0,3.5,2.5,2.5,200,I8,JG069J_200,TaqMan Fast Advanced
8,8,4.0,3.5,2.0,2.5,201,I9,JG069J_201,TaqMan Fast Advanced
9,8,4.0,3.5,1.5,2.5,202,I10,JG069J_202,TaqMan Fast Advanced
10,8,4.0,3.0,3.5,2.5,203,I11,JG069J_203,TaqMan Fast Advanced
11,8,4.0,3.0,3.0,2.5,204,I12,JG069J_204,TaqMan Fast Advanced
12,8,4.0,3.0,2.5,2.5,205,I13,JG069J_205,TaqMan Fast Advanced
13,8,4.0,3.0,2.0,2.5,206,I14,JG069J_206,TaqMan Fast Advanced
14,8,4.0,3.0,1.5,2.5,207,I15,JG069J_207,TaqMan Fast Advanced
15,8,4.0,2.5,3.5,2.5,208,I16,JG069J_208,TaqMan Fast Advanced
16,8,4.0,2.5,3.0,2.5,209,I17,JG069J_209,TaqMan Fast Advanced
17,8,4.0,2.5,2.5,2.5,210,I18,JG069J_210,TaqMan Fast Advanced
18,8,4.0,2.5,2.0,2.5,211,I19,JG069J_211,TaqMan Fast Advanced
19,8,4.0,2.5,1.5,2.5,212,I20,JG069J_212,TaqMan Fast Advanced
20,8,4.0,2.0,3.5,2.5,213,I21,JG069J_213,TaqMan Fast Advanced
21,8,4.0,2.0,3.0,2.5,214,I22,JG069J_214,TaqMan Fast Advanced
22,8,4.0,2.0,2.5,2.5,215,I23,JG069J_215,TaqMan Fast Advanced
23,8,4.0,2.0,2.0,2.5,216,I24,JG069J_216,TaqMan Fast Advanced
0,9,4.0,4.0,3.5,2.0,217,J1,JG069J_217,TaqMan Fast Advanced
1,9,4.0,4.0,3.0,2.0,218,J2,JG069J_218,TaqMan Fast Advanced
2,9,4.0,4.0,2.5,2.0,219,J3,JG069J_219,TaqMan Fast Advanced
3,9,4.0,4.0,2.0,2.0,220,J4,JG069J_220,TaqMan Fast Advanced
4,9,4.0,4.0,1.5,2.0,221,J5,JG069J_221,TaqMan Fast Advanced
5,9,4.0,3.5,3.5,2.0,222,J6,JG069J_222,TaqMan Fast Advanced
6,9,4.0,3.5,3.0,2.0,223,J7,JG069J_223,TaqMan Fast Advanced
7,9,4.0,3.5,2.5,2.0,224,J8,JG069J_224,TaqMan Fast Advanced
8,9,4.0,3.5,2.0,2.0,225,J9,JG069J_225,TaqMan Fast Advanced
9,9,4.0,3.5,1.5,2.0,226,J10,JG069J_226,TaqMan Fast Advanced
10,9,4.0,3.0,3.5,2.0,227,J11,JG069J_227,TaqMan Fast Advanced
11,9,4.0,3.0,3.0,2.0,228,J12,JG069J_228,TaqMan Fast Advanced
12,9,4.0,3.0,2.5,2.0,229,J13,JG069J_229,TaqMan Fast Advanced
13,9,4.0,3.0,2.0,2.0,230,J14,JG069J_230,TaqMan Fast Advanced
14,9,4.0,3.0,1.5,2.0,231,J15,JG069J_231,TaqMan Fast Advanced
15,9,4.0,2.5,3.5,2.0,232,J16,JG069J_232,TaqMan Fast Advanced
16,9,4.0,2.5,3.0,2.0,233,J17,JG069J_233,TaqMan Fast Advanced
17,9,4.0,2.5,2.5,2.0,234,J18,JG069J_234,TaqMan Fast Advanced
18,9,4.0,2.5,2.0,2.0,235,J19,JG069J_235,TaqMan Fast Advanced
19,9,4.0,2.5,1.5,2.0,236,J20,JG069J_236,TaqMan Fast Advanced
20,9,4.0,2.0,3.5,2.0,237,J21,JG069J_237,TaqMan Fast Advanced
21,9,4.0,2.0,3.0,2.0,238,J22,JG069J_238,TaqMan Fast Advanced
22,9,4.0,2.0,2.5,2.0,239,J23,JG069J_239,TaqMan Fast Advanced
23,9,4.0,2.0,2.0,2.0,240,J24,JG069J_240,TaqMan Fast Advanced
0,10,3.0,4.0,3.5,4.0,241,K1,JG069J_241,TaqMan Fast Advanced
1,10,3.0,4.0,3.0,4.0,242,K2,JG069J_242,TaqMan Fast Advanced
2,10,3.0,4.0,2.5,4.0,243,K3,JG069J_243,TaqMan Fast Advanced
3,10,3.0,4.0,2.0,4.0,244,K4,JG069J_244,TaqMan Fast Advanced
4,10,3.0,4.0,1.5,4.0,245,K5,JG069J_245,TaqMan Fast Advanced
5,10,3.0,3.5,3.5,4.0,246,K6,JG069J_246,TaqMan Fast Advanced
6,10,3.0,3.5,3.0,4.0,247,K7,JG069J_247,TaqMan Fast Advanced
7,10,3.0,3.5,2.5,4.0,248,K8,JG069J_248,TaqMan Fast Advanced
8,10,3.0,3.5,2.0,4.0,249,K9,JG069J_249,TaqMan Fast Advanced
9,10,3.0,3.5,1.5,4.0,250,K10,JG069J_250,TaqMan Fast Advanced
10,10,3.0,3.0,3.5,4.0,251,K11,JG069J_251,TaqMan Fast Advanced
11,10,3.0,3.0,3.0,4.0,252,K12,JG069J_252,TaqMan Fast Advanced
12,10,3.0,3.0,2.5,4.0,253,K13,JG069J_253,TaqMan Fast Advanced
13,10,3.0,3.0,2.0,4.0,254,K14,JG069J_254,TaqMan Fast Advanced
14,10,3.0,3.0,1.5,4.0,255,K15,JG069J_255,TaqMan Fast Advanced
15,10,3.0,2.5,3.5,4.0,256,K16,JG069J_256,TaqMan Fast Advanced
16,10,3.0,2.5,3.0,4.0,257,K17,JG069J_257,TaqMan Fast Advanced
17,10,3.0,2.5,2.5,4.0,258,K18,JG069J_258,TaqMan Fast Advanced
18,10,3.0,2.5,2.0,4.0,259,K19,JG069J_259,TaqMan Fast Advanced
19,10,3.0,2.5,1.5,4.0,260,K20,JG069J_260,TaqMan Fast Advanced
20,10,3.0,2.0,3.5,4.0,261,K21,JG069J_261,TaqMan Fast Advanced
21,10,3.0,2.0,3.0,4.0,262,K22,JG069J_262,TaqMan Fast Advanced
22,10,3.0,2.0,2.5,4.0,263,K23,JG069J_263,TaqMan Fast Advanced
23,10,3.0,2.0,2.0,4.0,264,K24,JG069J_264,TaqMan Fast Advanced
0,11,3.0,4.0,3.5,3.5,265,L1,JG069J_265,TaqMan Fast Advanced
1,11,3.0,4.0,3.0,3.5,266,L2,JG069J_266,TaqMan Fast Advanced
2,11,3.0,4.0,2.5,3.5,267,L3,JG069J_267,TaqMan Fast Advanced
3,11,3.0,4.0,2.0,3.5,268,L4,JG069J_268,TaqMan Fast Advanced
4,11,3.0,4.0,1.5,3.5,269,L5,JG069J_269,TaqMan Fast Advanced
5,11,3.0,3.5,3.5,3.5,270,L6,JG069J_270,TaqMan Fast Advanced
6,11,3.0,3.5,3.0,3.5,271,L7,JG069J_271,TaqMan Fast Advanced
7,11,3.0,3.5,2.5,3.5,272,L8,JG069J_272,TaqMan Fast Advanced
8,11,3.0,3.5,2.0,3.5,273,L9,JG069J_273,TaqMan Fast Advanced
9,11,3.0,3.5,1.5,3.5,274,L10,JG069J_274,TaqMan Fast Advanced
10,11,3.0,3.0,3.5,3.5,275,L11,JG069J_275,TaqMan Fast Advanced
11,11,3.0,3.0,3.0,3.5,276,L12,JG069J_276,TaqMan Fast Advanced
12,11,3.0,3.0,2.5,3.5,277,L13,JG069J_277,TaqMan Fast Advanced
13,11,3.0,3.0,2.0,3.5,278,L14,JG069J_278,TaqMan Fast Advanced
14,11,3.0,3.0,1.5,3.5,279,L15,JG069J_279,TaqMan Fast Advanced
15,11,3.0,2.5,3.5,3.5,280,L16,JG069J_280,TaqMan Fast Advanced
16,11,3.0,2.5,3.0,3.5,281,L17,JG069J_281,TaqMan Fast Advanced
17,11,3.0,2.5,2.5,3.5,282,L18,JG069J_282,TaqMan Fast Advanced
18,11,3.0,2.5,2.0,3.5,283,L19,JG069J_283,TaqMan Fast Advanced
19,11,3.0,2.5,1.5,3.5,284,L20,JG069J_284,TaqMan Fast Advanced
20,11,3.0,2.0,3.5,3.5,285,L21,JG069J_285,TaqMan Fast Advanced
21,11,3.0,2.0,3.0,3.5,286,L22,JG069J_286,TaqMan Fast Advanced
22,11,3.0,2.0,2.5,3.5,287,L23,JG069J_287,TaqMan Fast Advanced
23,11,3.0,2.0,2.0,3.5,288,L24,JG069J_288,TaqMan Fast Advanced
0,12,3.0,4.0,3.5,3.0,289,M1,JG069J_289,TaqMan Fast Advanced
1,12,3.0,4.0,3.0,3.0,290,M2,JG069J_290,TaqMan Fast Advanced
2,12,3.0,4.0,2.5,3.0,291,M3,JG069J_291,TaqMan Fast Advanced
3,12,3.0,4.0,2.0,3.0,292,M4,JG069J_292,TaqMan Fast Advanced
4,12,3.0,4.0,1.5,3.0,293,M5,JG069J_293,TaqMan Fast Advanced
5,12,3.0,3.5,3.5,3.0,294,M6,JG069J_294,TaqMan Fast Advanced
6,12,3.0,3.5,3.0,3.0,295,M7,JG069J_295,TaqMan Fast Advanced
7,12,3.0,3.5,2.5,3.0,296,M8,JG069J_296,TaqMan Fast Advanced
8,12,3.0,3.5,2.0,3.0,297,M9,JG069J_297,TaqMan Fast Advanced
9,12,3.0,3.5,1.5,3.0,298,M10,JG069J_298,TaqMan Fast Advanced
10,12,3.0,3.0,3.5,3.0,299,M11,JG069J_299,TaqMan Fast Advanced
11,12,3.0,3.0,3.0,3.0,300,M12,JG069J_300,TaqMan Fast Advanced
12,12,3.0,3.0,2.5,3.0,301,M13,JG069J_301,TaqMan Fast Advanced
13,12,3.0,3.0,2.0,3.0,302,M14,JG069J_302,TaqMan Fast Advanced
14,12,3.0,3.0,1.5,3.0,303,M15,JG069J_303,TaqMan Fast Advanced
15,12,3.0,2.5,3.5,3.0,304,M16,JG069J_304,TaqMan Fast Advanced
16,12,3.0,2.5,3.0,3.0,305,M17,JG069J_305,TaqMan Fast Advanced
17,12,3.0,2.5,2.5,3.0,306,M18,JG069J_306,TaqMan Fast Advanced
18,12,3.0,2.5,2.0,3.0,307,M19,JG069J_307,TaqMan Fast Advanced
19,12,3.0,2.5,1.5,3.0,308,M20,JG069J_308,TaqMan Fast Advanced
20,12,3.0,2.0,3.5,3.0,309,M21,JG069J_309,TaqMan Fast Advanced
21,12,3.0,2.0,3.0,3.0,310,M22,JG069J_310,TaqMan Fast Advanced
22,12,3.0,2.0,2.5,3.0,311,M23,JG069J_311,TaqMan Fast Advanced
23,12,3.0,2.0,2.0,3.0,312,M24,JG069J_312,TaqMan Fast Advanced
0,13,3.0,4.0,3.5,2.5,313,N1,JG069J_313,TaqMan Fast Advanced
1,13,3.0,4.0,3.0,2.5,314,N2,JG069J_314,TaqMan Fast Advanced
2,13,3.0,4.0,2.5,2.5,315,N3,JG069J_315,TaqMan Fast Advanced
3,13,3.0,4.0,2.0,2.5,316,N4,JG069J_316,TaqMan Fast Advanced
4,13,3.0,4.0,1.5,2.5,317,N5,JG069J_317,TaqMan Fast Advanced
5,13,3.0,3.5,3.5,2.5,318,N6,JG069J_318,TaqMan Fast Advanced
6,13,3.0,3.5,3.0,2.5,319,N7,JG069J_319,TaqMan Fast Advanced
7,13,3.0,3.5,2.5,2.5,320,N8,JG069J_320,TaqMan Fast Advanced
8,13,3.0,3.5,2.0,2.5,321,N9,JG069J_321,TaqMan Fast Advanced
9,13,3.0,3.5,1.5,2.5,322,N10,JG069J_322,TaqMan Fast Advanced
10,13,3.0,3.0,3.5,2.5,323,N11,JG069J_323,TaqMan Fast Advanced
11,13,3.0,3.0,3.0,2.5,324,N12,JG069J_324,TaqMan Fast Advanced
12,13,3.0,3.0,2.5,2.5,325,N13,JG069J_325,TaqMan Fast Advanced
13,13,3.0,3.0,2.0,2.5,326,N14,JG069J_326,TaqMan Fast Advanced
14,13,3.0,3.0,1.5,2.5,327,N15,JG069J_327,TaqMan Fast Advanced
15,13,3.0,2.5,3.5,2.5,328,N16,JG069J_328,TaqMan Fast Advanced
16,13,3.0,2.5,3.0,2.5,329,N17,JG069J_329,TaqMan Fast Advanced
17,13,3.0,2.5,2.5,2.5,330,N18,JG069J_330,TaqMan Fast Advanced
18,13,3.0,2.5,2.0,2.5,331,N19,JG069J_331,TaqMan Fast Advanced
19,13,3.0,2.5,1.5,2.5,332,N20,JG069J_332,TaqMan Fast Advanced
20,13,3.0,2.0,3.5,2.5,333,N21,JG069J_333,TaqMan Fast Advanced
21,13,3.0,2.0,3.0,2.5,334,N22,JG069J_334,TaqMan Fast Advanced
22,13,3.0,2.0,2.5,2.5,335,N23,JG069J_335,TaqMan Fast Advanced
23,13,3.0,2.0,2.0,2.5,336,N24,JG069J_336,TaqMan Fast Advanced
0,14,3.0,4.0,3.5,2.0,337,O1,JG069J_337,TaqMan Fast Advanced
1,14,3.0,4.0,3.0,2.0,338,O2,JG069J_338,TaqMan Fast Advanced
2,14,3.0,4.0,2.5,2.0,339,O3,JG069J_339,TaqMan Fast Advanced
3,14,3.0,4.0,2.0,2.0,340,O4,JG069J_340,TaqMan Fast Advanced
4,14,3.0,4.0,1.5,2.0,341,O5,JG069J_341,TaqMan Fast Advanced
5,14,3.0,3.5,3.5,2.0,342,O6,JG069J_342,TaqMan Fast Advanced
6,14,3.0,3.5,3.0,2.0,343,O7,JG069J_343,TaqMan Fast Advanced
7,14,3.0,3.5,2.5,2.0,344,O8,JG069J_344,TaqMan Fast Advanced
8,14,3.0,3.5,2.0,2.0,345,O9,JG069J_345,TaqMan Fast Advanced
9,14,3.0,3.5,1.5,2.0,346,O10,JG069J_346,TaqMan Fast Advanced
10,14,3.0,3.0,3.5,2.0,347,O11,JG069J_347,TaqMan Fast Advanced
11,14,3.0,3.0,3.0,2.0,348,O12,JG069J_348,TaqMan Fast Advanced
12,14,3.0,3.0,2.5,2.0,349,O13,JG069J_349,TaqMan Fast Advanced
13,14,3.0,3.0,2.0,2.0,350,O14,JG069J_350,TaqMan Fast Advanced
14,14,3.0,3.0,1.5,2.0,351,O15,JG069J_351,TaqMan Fast Advanced
15,14,3.0,2.5,3.5,2.0,352,O16,JG069J_352,TaqMan Fast Advanced
16,14,3.0,2.5,3.0,2.0,353,O17,JG069J_353,TaqMan Fast Advanced
17,14,3.0,2.5,2.5,2.0,354,O18,JG069J_354,TaqMan Fast Advanced
18,14,3.0,2.5,2.0,2.0,355,O19,JG069J_355,TaqMan Fast Advanced
19,14,3.0,2.5,1.5,2.0,356,O20,JG069J_356,TaqMan Fast Advanced
20,14,3.0,2.0,3.5,2.0,357,O21,JG069J_357,TaqMan Fast Advanced
21,14,3.0,2.0,3.0,2.0,358,O22,JG069J_358,TaqMan Fast Advanced
22,14,3.0,2.0,2.5,2.0,359,O23,JG069J_359,TaqMan Fast Advanced
23,14,3.0,2.0,2.0,2.0,360,O24,JG069J_360,TaqMan Fast Advanced
